Model,Accuracy,Precision,Recall,F1-Score,ROC-AUC
XGBoost,1.0,1.0,1.0,1.0,1.0
XGBoost Optimized,1.0,1.0,1.0,1.0,1.0
Decision Tree,0.999001996007984,0.9975062344139651,1.0,0.9987515605493134,0.9991694352159469
Random Forest,0.999001996007984,0.9975062344139651,1.0,0.9987515605493134,1.0
Gradient Boosting,0.999001996007984,0.9975062344139651,1.0,0.9987515605493134,0.9991694352159469
Logistic Regression,0.9970059880239521,0.9950124688279302,0.9975,0.9962546816479401,0.9999667774086379
SVM,0.9820359281437125,0.9727722772277227,0.9825,0.9776119402985075,0.9987084717607974
KNN,0.9121756487025948,0.9126984126984127,0.8625,0.8868894601542416,0.9679775747508305
