Model,Accuracy,Precision,Recall,F1-Score,ROC-AUC
Gradient Boosting,0.7739130434782608,0.6666666666666666,0.7,0.6829268292682927,0.8366666666666666
Decision Tree,0.7391304347826086,0.6041666666666666,0.725,0.6590909090909091,0.7815
XGBoost Optimized,0.7565217391304347,0.65,0.65,0.65,0.8360000000000001
XGBoost,0.7565217391304347,0.6578947368421053,0.625,0.6410256410256411,0.8183333333333334
KNN,0.7478260869565218,0.6410256410256411,0.625,0.6329113924050633,0.8308333333333333
Random Forest,0.7565217391304347,0.6764705882352942,0.575,0.6216216216216216,0.8173333333333334
SVM,0.7478260869565218,0.6571428571428571,0.575,0.6133333333333333,0.8093333333333333
Logistic Regression,0.7130434782608696,0.5945945945945946,0.55,0.5714285714285714,0.8096666666666665
